data,temperatura_media,chuva_mm,casos_dengue_regiao,feriado
2022-01-01,27.7,1.1,5.857142857142857,True
2022-01-02,27.5,1.2,5.857142857142857,False
2022-01-03,26.8,1.2,5.857142857142857,False
2022-01-04,27.7,1.3,5.857142857142857,False
2022-01-05,25.9,10.0,5.857142857142857,False
2022-01-06,27.2,1.9,5.857142857142857,False
2022-01-07,27.6,0.8,5.857142857142857,False
2022-01-08,27.6,0.8,5.857142857142857,False
2022-01-09,27.7,0.1,7.0,False
2022-01-10,26.7,4.6,7.0,False
2022-01-11,26.6,4.7,7.0,False
2022-01-12,26.2,6.2,7.0,False
2022-01-13,26.3,4.3,7.0,False
2022-01-14,25.6,8.0,7.0,False
2022-01-15,24.6,15.6,7.0,False
2022-01-16,26.3,0.5,9.142857142857142,False
2022-01-17,27.1,0.3,9.142857142857142,False
2022-01-18,27.2,2.3,9.142857142857142,False
2022-01-19,27.2,0.1,9.142857142857142,False
2022-01-20,27.2,0.8,9.142857142857142,False
2022-01-21,26.4,4.3,9.142857142857142,False
2022-01-22,27.2,1.6,9.142857142857142,False
2022-01-23,27.5,0.5,7.571428571428571,False
2022-01-24,27.6,2.4,7.571428571428571,False
2022-01-25,28.3,1.3,7.571428571428571,False
2022-01-26,27.1,5.8,7.571428571428571,False
2022-01-27,25.7,13.5,7.571428571428571,False
2022-01-28,24.7,22.9,7.571428571428571,False
2022-01-29,24.7,31.9,7.571428571428571,False
2022-01-30,27.1,1.9,7.0,False
2022-01-31,27.3,1.9,7.0,False
2022-02-01,27.3,0.8,7.0,False
2022-02-02,27.2,0.8,7.0,False
2022-02-03,27.3,1.7,7.0,False
2022-02-04,27.5,0.4,7.0,False
2022-02-05,27.4,0.3,7.0,False
2022-02-06,27.4,0.0,7.571428571428571,False
2022-02-07,27.8,0.0,7.571428571428571,False
2022-02-08,27.7,0.0,7.571428571428571,False
2022-02-09,27.5,0.5,7.571428571428571,False
2022-02-10,27.7,0.0,7.571428571428571,False
2022-02-11,27.8,1.3,7.571428571428571,False
2022-02-12,27.2,1.7,7.571428571428571,False
2022-02-13,27.7,1.3,9.857142857142858,False
2022-02-14,27.7,2.1,9.857142857142858,False
2022-02-15,27.8,0.2,9.857142857142858,False
2022-02-16,27.4,0.8,9.857142857142858,False
2022-02-17,27.3,1.4,9.857142857142858,False
2022-02-18,26.3,3.2,9.857142857142858,False
2022-02-19,26.6,2.3,9.857142857142858,False
2022-02-20,27.3,3.4,13.857142857142858,False
2022-02-21,27.8,1.8,13.857142857142858,False
2022-02-22,27.7,0.7,13.857142857142858,False
2022-02-23,26.9,2.1,13.857142857142858,False
2022-02-24,27.5,1.9,13.857142857142858,False
2022-02-25,27.8,2.2,13.857142857142858,False
2022-02-26,27.8,0.3,13.857142857142858,False
2022-02-27,28.0,0.7,17.571428571428573,False
2022-02-28,27.2,5.0,17.571428571428573,False
2022-03-01,27.8,1.5,17.571428571428573,False
2022-03-02,27.1,3.6,17.571428571428573,False
2022-03-03,27.7,1.0,17.571428571428573,False
2022-03-04,26.1,12.3,17.571428571428573,False
2022-03-05,25.1,12.4,17.571428571428573,False
2022-03-06,26.2,9.0,21.142857142857142,False
2022-03-07,27.8,0.0,21.142857142857142,False
2022-03-08,27.2,0.5,21.142857142857142,False
2022-03-09,27.5,1.5,21.142857142857142,False
2022-03-10,27.0,4.5,21.142857142857142,False
2022-03-11,27.3,1.3,21.142857142857142,False
2022-03-12,26.1,7.2,21.142857142857142,False
2022-03-13,26.4,2.2,26.0,False
2022-03-14,26.8,4.5,26.0,False
2022-03-15,26.6,2.9,26.0,False
2022-03-16,25.5,8.0,26.0,False
2022-03-17,26.3,3.8,26.0,False
2022-03-18,26.8,3.6,26.0,False
2022-03-19,26.8,1.4,26.0,False
2022-03-20,27.3,3.2,18.142857142857142,False
2022-03-21,25.8,16.4,18.142857142857142,False
2022-03-22,25.6,17.8,18.142857142857142,False
2022-03-23,26.2,10.5,18.142857142857142,False
2022-03-24,25.6,4.8,18.142857142857142,False
2022-03-25,26.3,6.9,18.142857142857142,False
2022-03-26,25.8,11.8,18.142857142857142,False
2022-03-27,25.7,17.8,27.0,False
2022-03-28,26.5,4.8,27.0,False
2022-03-29,26.9,1.4,27.0,False
2022-03-30,27.0,0.9,27.0,False
2022-03-31,27.3,0.3,27.0,False
2022-04-01,27.3,0.3,27.0,False
2022-04-02,26.4,6.7,27.0,False
2022-04-03,25.6,13.0,24.428571428571427,False
2022-04-04,26.9,1.7,24.428571428571427,False
2022-04-05,26.0,2.6,24.428571428571427,False
2022-04-06,25.6,5.6,24.428571428571427,False
2022-04-07,26.5,0.9,24.428571428571427,False
2022-04-08,26.5,3.9,24.428571428571427,False
2022-04-09,27.0,1.7,24.428571428571427,False
2022-04-10,27.1,1.3,30.857142857142858,False
2022-04-11,27.0,0.5,30.857142857142858,False
2022-04-12,26.7,0.2,30.857142857142858,False
2022-04-13,26.6,0.5,30.857142857142858,False
2022-04-14,26.8,0.2,30.857142857142858,False
2022-04-15,27.7,0.2,30.857142857142858,True
2022-04-16,27.5,2.3,30.857142857142858,False
2022-04-17,26.4,4.2,44.57142857142857,False
2022-04-18,27.3,0.2,44.57142857142857,False
2022-04-19,27.0,0.7,44.57142857142857,False
2022-04-20,26.1,4.2,44.57142857142857,False
2022-04-21,26.6,1.5,44.57142857142857,True
2022-04-22,26.5,7.4,44.57142857142857,False
2022-04-23,25.4,8.3,44.57142857142857,False
2022-04-24,25.5,4.5,44.42857142857143,False
2022-04-25,25.3,6.1,44.42857142857143,False
2022-04-26,26.3,1.7,44.42857142857143,False
2022-04-27,26.8,3.7,44.42857142857143,False
2022-04-28,26.3,4.0,44.42857142857143,False
2022-04-29,26.1,1.7,44.42857142857143,False
2022-04-30,26.6,0.9,44.42857142857143,False
2022-05-01,26.7,2.7,62.285714285714285,True
2022-05-02,25.9,7.9,62.285714285714285,False
2022-05-03,26.3,7.6,62.285714285714285,False
2022-05-04,27.0,1.9,62.285714285714285,False
2022-05-05,26.0,6.7,62.285714285714285,False
2022-05-06,25.5,25.9,62.285714285714285,False
2022-05-07,26.1,5.4,62.285714285714285,False
2022-05-08,25.8,0.8,65.85714285714286,False
2022-05-09,25.7,1.6,65.85714285714286,False
2022-05-10,26.0,1.9,65.85714285714286,False
2022-05-11,25.5,3.2,65.85714285714286,False
2022-05-12,26.5,0.9,65.85714285714286,False
2022-05-13,26.8,5.0,65.85714285714286,False
2022-05-14,26.1,2.9,65.85714285714286,False
2022-05-15,25.6,6.8,82.14285714285714,False
2022-05-16,26.4,1.4,82.14285714285714,False
2022-05-17,26.9,1.7,82.14285714285714,False
2022-05-18,27.1,0.3,82.14285714285714,False
2022-05-19,27.0,0.0,82.14285714285714,False
2022-05-20,26.3,5.3,82.14285714285714,False
2022-05-21,25.4,1.4,82.14285714285714,False
2022-05-22,25.2,7.7,68.85714285714286,False
2022-05-23,24.4,20.0,68.85714285714286,False
2022-05-24,24.2,16.2,68.85714285714286,False
2022-05-25,24.0,20.6,68.85714285714286,False
2022-05-26,24.9,8.1,68.85714285714286,False
2022-05-27,24.4,22.1,68.85714285714286,False
2022-05-28,24.4,59.6,68.85714285714286,False
2022-05-29,24.2,5.7,83.14285714285714,False
2022-05-30,25.1,11.6,83.14285714285714,False
2022-05-31,24.4,30.2,83.14285714285714,False
2022-06-01,24.8,8.7,83.14285714285714,False
2022-06-02,24.7,5.8,83.14285714285714,False
2022-06-03,24.3,38.9,83.14285714285714,False
2022-06-04,24.2,17.7,83.14285714285714,False
2022-06-05,25.0,2.8,95.57142857142856,False
2022-06-06,24.3,5.2,95.57142857142856,False
2022-06-07,24.7,3.2,95.57142857142856,False
2022-06-08,24.8,1.4,95.57142857142856,False
2022-06-09,24.4,13.9,95.57142857142856,False
2022-06-10,25.1,2.2,95.57142857142856,False
2022-06-11,24.0,28.1,95.57142857142856,False
2022-06-12,24.9,0.0,89.0,False
2022-06-13,25.4,0.3,89.0,False
2022-06-14,25.2,0.3,89.0,False
2022-06-15,24.5,1.6,89.0,False
2022-06-16,24.7,0.8,89.0,False
2022-06-17,24.6,0.2,89.0,False
2022-06-18,24.9,0.0,89.0,False
2022-06-19,25.6,0.5,87.57142857142857,False
2022-06-20,25.3,12.3,87.57142857142857,False
2022-06-21,25.9,1.5,87.57142857142857,False
2022-06-22,23.6,61.4,87.57142857142857,False
2022-06-23,24.8,4.1,87.57142857142857,False
2022-06-24,24.6,22.0,87.57142857142857,False
2022-06-25,24.2,0.0,87.57142857142857,False
2022-06-26,24.3,0.0,90.42857142857144,False
2022-06-27,24.5,1.4,90.42857142857144,False
2022-06-28,24.7,1.8,90.42857142857144,False
2022-06-29,23.7,19.2,90.42857142857144,False
2022-06-30,24.7,1.2,90.42857142857144,False
2022-07-01,25.0,1.9,90.42857142857144,False
2022-07-02,24.6,20.5,90.42857142857144,False
2022-07-03,24.6,26.0,73.0,False
2022-07-04,24.5,17.8,73.0,False
2022-07-05,25.9,0.5,73.0,False
2022-07-06,25.3,7.2,73.0,False
2022-07-07,23.9,36.1,73.0,False
2022-07-08,24.4,21.0,73.0,False
2022-07-09,24.7,5.8,73.0,False
2022-07-10,25.4,2.1,73.14285714285714,False
2022-07-11,24.8,1.0,73.14285714285714,False
2022-07-12,25.3,0.2,73.14285714285714,False
2022-07-13,24.8,2.9,73.14285714285714,False
2022-07-14,24.9,0.7,73.14285714285714,False
2022-07-15,24.3,1.2,73.14285714285714,False
2022-07-16,24.1,4.8,73.14285714285714,False
2022-07-17,24.3,5.1,62.285714285714285,False
2022-07-18,24.2,2.7,62.285714285714285,False
2022-07-19,24.8,2.1,62.285714285714285,False
2022-07-20,24.7,5.8,62.285714285714285,False
2022-07-21,23.8,23.2,62.285714285714285,False
2022-07-22,24.4,10.1,62.285714285714285,False
2022-07-23,25.0,1.6,62.285714285714285,False
2022-07-24,24.6,5.0,59.85714285714285,False
2022-07-25,23.9,0.5,59.85714285714285,False
2022-07-26,23.6,0.5,59.85714285714285,False
2022-07-27,24.2,1.1,59.85714285714285,False
2022-07-28,24.0,0.3,59.85714285714285,False
2022-07-29,24.3,1.3,59.85714285714285,False
2022-07-30,23.4,27.7,59.85714285714285,False
2022-07-31,24.7,3.2,57.0,False
2022-08-01,25.1,0.5,57.0,False
2022-08-02,24.3,4.9,57.0,False
2022-08-03,24.0,14.9,57.0,False
2022-08-04,24.6,6.6,57.0,False
2022-08-05,24.9,2.9,57.0,True
2022-08-06,25.0,1.0,57.0,False
2022-08-07,24.7,4.3,51.142857142857146,False
2022-08-08,25.1,0.0,51.142857142857146,False
2022-08-09,24.5,1.4,51.142857142857146,False
2022-08-10,24.5,0.6,51.142857142857146,False
2022-08-11,24.7,2.9,51.142857142857146,False
2022-08-12,25.3,1.4,51.142857142857146,False
2022-08-13,25.3,0.7,51.142857142857146,False
2022-08-14,24.8,0.7,47.42857142857143,False
2022-08-15,24.9,0.2,47.42857142857143,False
2022-08-16,26.0,0.0,47.42857142857143,False
2022-08-17,24.6,3.8,47.42857142857143,False
2022-08-18,25.1,0.0,47.42857142857143,False
2022-08-19,23.8,0.4,47.42857142857143,False
2022-08-20,24.1,0.1,47.42857142857143,False
2022-08-21,24.3,0.1,26.714285714285715,False
2022-08-22,23.5,6.5,26.714285714285715,False
2022-08-23,23.5,16.6,26.714285714285715,False
2022-08-24,24.1,3.6,26.714285714285715,False
2022-08-25,24.3,1.4,26.714285714285715,False
2022-08-26,24.1,1.3,26.714285714285715,False
2022-08-27,23.5,10.7,26.714285714285715,False
2022-08-28,24.5,0.8,35.0,False
2022-08-29,24.2,0.6,35.0,False
2022-08-30,24.2,0.0,35.0,False
2022-08-31,24.0,0.9,35.0,False
2022-09-01,24.0,0.6,35.0,False
2022-09-02,23.9,5.0,35.0,False
2022-09-03,25.1,0.5,35.0,False
2022-09-04,24.0,18.3,29.571428571428573,False
2022-09-05,23.2,27.7,29.571428571428573,False
2022-09-06,24.2,3.5,29.571428571428573,False
2022-09-07,24.0,1.4,29.571428571428573,True
2022-09-08,24.4,0.3,29.571428571428573,False
2022-09-09,25.2,0.0,29.571428571428573,False
2022-09-10,24.0,1.1,29.571428571428573,False
2022-09-11,24.4,1.2,22.428571428571427,False
2022-09-12,24.9,0.1,22.428571428571427,False
2022-09-13,24.6,1.5,22.428571428571427,False
2022-09-14,24.6,1.5,22.428571428571427,False
2022-09-15,25.2,0.3,22.428571428571427,False
2022-09-16,25.1,0.0,22.428571428571427,False
2022-09-17,25.1,0.0,22.428571428571427,False
2022-09-18,24.7,3.6,20.571428571428573,False
2022-09-19,25.2,0.2,20.571428571428573,False
2022-09-20,25.1,1.5,20.571428571428573,False
2022-09-21,25.4,0.0,20.571428571428573,False
2022-09-22,25.4,1.5,20.571428571428573,False
2022-09-23,25.8,0.8,20.571428571428573,False
2022-09-24,26.3,0.0,20.571428571428573,False
2022-09-25,25.4,1.8,19.428571428571427,False
2022-09-26,25.4,1.4,19.428571428571427,False
2022-09-27,25.6,0.0,19.428571428571427,False
2022-09-28,25.5,0.1,19.428571428571427,False
2022-09-29,25.5,1.4,19.428571428571427,False
2022-09-30,25.9,0.2,19.428571428571427,False
2022-10-01,25.5,0.4,19.428571428571427,False
2022-10-02,24.6,1.8,15.571428571428571,False
2022-10-03,25.8,0.4,15.571428571428571,False
2022-10-04,26.2,0.1,15.571428571428571,False
2022-10-05,25.8,1.2,15.571428571428571,False
2022-10-06,25.5,1.6,15.571428571428571,False
2022-10-07,25.9,1.6,15.571428571428571,False
2022-10-08,26.0,0.9,15.571428571428571,False
2022-10-09,25.9,3.3,18.571428571428573,False
2022-10-10,25.8,3.6,18.571428571428573,False
2022-10-11,25.7,2.0,18.571428571428573,False
2022-10-12,25.8,1.5,18.571428571428573,True
2022-10-13,25.5,2.0,18.571428571428573,False
2022-10-14,25.5,2.6,18.571428571428573,False
2022-10-15,25.3,2.7,18.571428571428573,False
2022-10-16,25.0,1.9,11.0,False
2022-10-17,25.5,1.9,11.0,False
2022-10-18,26.2,0.7,11.0,False
2022-10-19,25.9,2.3,11.0,False
2022-10-20,26.0,0.1,11.0,False
2022-10-21,26.6,0.1,11.0,False
2022-10-22,26.5,1.1,11.0,False
2022-10-23,26.8,0.1,12.571428571428571,False
2022-10-24,26.3,1.5,12.571428571428571,False
2022-10-25,26.7,0.6,12.571428571428571,False
2022-10-26,26.6,0.1,12.571428571428571,False
2022-10-27,26.9,0.1,12.571428571428571,False
2022-10-28,27.0,0.7,12.571428571428571,False
2022-10-29,26.5,0.8,12.571428571428571,False
2022-10-30,26.2,1.0,12.857142857142858,False
2022-10-31,26.4,0.2,12.857142857142858,False
2022-11-01,26.9,0.2,12.857142857142858,False
2022-11-02,27.1,0.2,12.857142857142858,True
2022-11-03,27.3,0.5,12.857142857142858,False
2022-11-04,26.8,1.7,12.857142857142858,False
2022-11-05,26.5,1.9,12.857142857142858,False
2022-11-06,26.2,2.0,13.857142857142858,False
2022-11-07,26.9,1.2,13.857142857142858,False
2022-11-08,26.4,1.8,13.857142857142858,False
2022-11-09,26.7,1.0,13.857142857142858,False
2022-11-10,27.0,0.1,13.857142857142858,False
2022-11-11,26.6,2.0,13.857142857142858,False
2022-11-12,26.2,4.4,13.857142857142858,False
2022-11-13,26.0,3.4,11.571428571428571,False
2022-11-14,26.7,2.7,11.571428571428571,False
2022-11-15,26.0,2.1,11.571428571428571,True
2022-11-16,26.8,0.4,11.571428571428571,False
2022-11-17,26.3,2.7,11.571428571428571,False
2022-11-18,26.2,3.6,11.571428571428571,False
2022-11-19,26.0,1.5,11.571428571428571,False
2022-11-20,26.7,1.1,6.0,False
2022-11-21,26.6,0.7,6.0,False
2022-11-22,26.2,2.6,6.0,False
2022-11-23,27.1,0.8,6.0,False
2022-11-24,26.8,0.8,6.0,False
2022-11-25,27.1,0.7,6.0,False
2022-11-26,27.0,0.8,6.0,False
2022-11-27,26.8,0.7,4.571428571428571,False
2022-11-28,27.2,0.5,4.571428571428571,False
2022-11-29,27.2,0.7,4.571428571428571,False
2022-11-30,27.2,1.1,4.571428571428571,False
2022-12-01,27.4,0.6,4.571428571428571,False
2022-12-02,26.7,2.2,4.571428571428571,False
2022-12-03,27.0,0.8,4.571428571428571,False
2022-12-04,26.3,3.0,6.0,False
2022-12-05,25.9,10.0,6.0,False
2022-12-06,26.7,0.8,6.0,False
2022-12-07,26.6,1.2,6.0,False
2022-12-08,26.7,0.8,6.0,False
2022-12-09,27.1,0.5,6.0,False
2022-12-10,27.1,1.4,6.0,False
2022-12-11,26.8,1.8,1.7142857142857142,False
2022-12-12,26.8,1.5,1.7142857142857142,False
2022-12-13,27.1,0.5,1.7142857142857142,False
2022-12-14,27.3,0.1,1.7142857142857142,False
2022-12-15,27.3,0.2,1.7142857142857142,False
2022-12-16,27.3,0.1,1.7142857142857142,False
2022-12-17,27.0,0.3,1.7142857142857142,False
2022-12-18,27.4,0.3,0.5714285714285714,False
2022-12-19,26.9,1.2,0.5714285714285714,False
2022-12-20,27.2,1.0,0.5714285714285714,False
2022-12-21,27.6,0.2,0.5714285714285714,False
2022-12-22,27.5,1.6,0.5714285714285714,False
2022-12-23,27.1,0.8,0.5714285714285714,False
2022-12-24,26.4,2.8,0.5714285714285714,False
2022-12-25,26.7,2.8,2.7142857142857144,True
2022-12-26,27.4,1.0,2.7142857142857144,False
2022-12-27,27.2,1.4,2.7142857142857144,False
2022-12-28,27.0,2.4,2.7142857142857144,False
2022-12-29,26.8,6.8,2.7142857142857144,False
2022-12-30,27.3,2.8,2.7142857142857144,False
2022-12-31,26.4,6.2,2.7142857142857144,False
2023-01-01,25.2,3.6,10.142857142857142,True
2023-01-02,25.9,4.8,10.142857142857142,False
2023-01-03,26.4,4.6,10.142857142857142,False
2023-01-04,27.2,0.2,10.142857142857142,False
2023-01-05,27.0,0.9,10.142857142857142,False
2023-01-06,26.7,0.9,10.142857142857142,False
2023-01-07,27.1,0.3,10.142857142857142,False
2023-01-08,26.8,2.6,8.428571428571429,False
2023-01-09,27.1,0.8,8.428571428571429,False
2023-01-10,27.4,1.1,8.428571428571429,False
2023-01-11,26.9,6.3,8.428571428571429,False
2023-01-12,27.2,1.3,8.428571428571429,False
2023-01-13,27.2,0.9,8.428571428571429,False
2023-01-14,27.6,0.3,8.428571428571429,False
2023-01-15,25.5,7.5,10.285714285714286,False
2023-01-16,26.4,0.1,10.285714285714286,False
2023-01-17,25.5,5.3,10.285714285714286,False
2023-01-18,25.1,16.3,10.285714285714286,False
2023-01-19,25.2,5.4,10.285714285714286,False
2023-01-20,26.4,0.6,10.285714285714286,False
2023-01-21,27.4,0.0,10.285714285714286,False
2023-01-22,27.0,2.0,12.571428571428571,False
2023-01-23,26.9,2.3,12.571428571428571,False
2023-01-24,26.5,1.1,12.571428571428571,False
2023-01-25,26.8,1.4,12.571428571428571,False
2023-01-26,27.2,2.6,12.571428571428571,False
2023-01-27,27.2,1.0,12.571428571428571,False
2023-01-28,27.6,0.6,12.571428571428571,False
2023-01-29,27.6,0.2,10.857142857142858,False
2023-01-30,27.5,1.5,10.857142857142858,False
2023-01-31,28.0,0.5,10.857142857142858,False
2023-02-01,28.0,0.6,10.857142857142858,False
2023-02-02,28.0,0.3,10.857142857142858,False
2023-02-03,28.3,0.3,10.857142857142858,False
2023-02-04,27.6,2.2,10.857142857142858,False
2023-02-05,27.2,1.0,12.571428571428571,False
2023-02-06,25.7,10.4,12.571428571428571,False
2023-02-07,27.2,0.9,12.571428571428571,False
2023-02-08,27.1,0.2,12.571428571428571,False
2023-02-09,26.8,2.8,12.571428571428571,False
2023-02-10,27.1,2.3,12.571428571428571,False
2023-02-11,27.0,0.8,12.571428571428571,False
2023-02-12,27.3,0.6,9.714285714285714,False
2023-02-13,27.8,1.3,9.714285714285714,False
2023-02-14,27.4,0.8,9.714285714285714,False
2023-02-15,27.1,3.3,9.714285714285714,False
2023-02-16,27.5,2.0,9.714285714285714,False
2023-02-17,27.8,0.6,9.714285714285714,False
2023-02-18,28.2,0.3,9.714285714285714,False
2023-02-19,27.3,6.7,11.714285714285714,False
2023-02-20,27.2,2.5,11.714285714285714,False
2023-02-21,28.0,0.1,11.714285714285714,False
2023-02-22,25.9,13.4,11.714285714285714,False
2023-02-23,25.6,4.3,11.714285714285714,False
2023-02-24,25.9,3.2,11.714285714285714,False
2023-02-25,26.5,1.7,11.714285714285714,False
2023-02-26,27.6,2.4,12.714285714285714,False
2023-02-27,27.6,2.9,12.714285714285714,False
2023-02-28,28.1,0.1,12.714285714285714,False
2023-03-01,27.5,2.6,12.714285714285714,False
2023-03-02,26.7,5.8,12.714285714285714,False
2023-03-03,27.8,0.3,12.714285714285714,False
2023-03-04,27.8,0.7,12.714285714285714,False
2023-03-05,27.8,0.3,14.571428571428571,False
2023-03-06,28.2,0.5,14.571428571428571,False
2023-03-07,27.9,0.7,14.571428571428571,False
2023-03-08,26.7,4.0,14.571428571428571,False
2023-03-09,27.8,0.9,14.571428571428571,False
2023-03-10,28.0,0.2,14.571428571428571,False
2023-03-11,28.1,0.8,14.571428571428571,False
2023-03-12,28.1,0.0,16.714285714285715,False
2023-03-13,27.9,1.5,16.714285714285715,False
2023-03-14,27.1,2.0,16.714285714285715,False
2023-03-15,25.9,5.7,16.714285714285715,False
2023-03-16,24.9,20.0,16.714285714285715,False
2023-03-17,25.7,3.3,16.714285714285715,False
2023-03-18,25.0,27.9,16.714285714285715,False
2023-03-19,24.4,7.5,25.857142857142858,False
2023-03-20,26.5,0.8,25.857142857142858,False
2023-03-21,25.3,7.9,25.857142857142858,False
2023-03-22,25.4,11.3,25.857142857142858,False
2023-03-23,26.6,0.9,25.857142857142858,False
2023-03-24,26.5,1.1,25.857142857142858,False
2023-03-25,26.0,4.4,25.857142857142858,False
2023-03-26,26.2,17.1,25.857142857142858,False
2023-03-27,26.7,1.2,25.857142857142858,False
2023-03-28,26.8,5.0,25.857142857142858,False
2023-03-29,25.6,13.3,25.857142857142858,False
2023-03-30,25.8,11.2,25.857142857142858,False
2023-03-31,26.3,0.5,25.857142857142858,False
2023-04-01,26.6,0.1,25.857142857142858,False
2023-04-02,26.8,0.0,24.285714285714285,False
2023-04-03,26.7,0.2,24.285714285714285,False
2023-04-04,25.8,15.0,24.285714285714285,False
2023-04-05,26.5,2.4,24.285714285714285,False
2023-04-06,27.2,5.2,24.285714285714285,False
2023-04-07,26.8,1.4,24.285714285714285,True
2023-04-08,26.1,7.8,24.285714285714285,False
2023-04-09,26.0,2.1,30.142857142857142,False
2023-04-10,26.6,2.1,30.142857142857142,False
2023-04-11,27.2,0.0,30.142857142857142,False
2023-04-12,27.0,0.5,30.142857142857142,False
2023-04-13,26.9,2.6,30.142857142857142,False
2023-04-14,26.7,2.8,30.142857142857142,False
2023-04-15,27.4,6.2,30.142857142857142,False
2023-04-16,26.1,5.1,25.285714285714285,False
2023-04-17,26.3,2.4,25.285714285714285,False
2023-04-18,26.4,1.7,25.285714285714285,False
2023-04-19,26.8,0.0,25.285714285714285,False
2023-04-20,27.2,1.2,25.285714285714285,False
2023-04-21,27.1,1.4,25.285714285714285,True
2023-04-22,27.5,0.5,25.285714285714285,False
2023-04-23,27.2,0.8,21.571428571428573,False
2023-04-24,26.2,1.3,21.571428571428573,False
2023-04-25,25.7,11.1,21.571428571428573,False
2023-04-26,26.6,1.9,21.571428571428573,False
2023-04-27,26.8,0.1,21.571428571428573,False
2023-04-28,27.0,2.0,21.571428571428573,False
2023-04-29,26.8,0.7,21.571428571428573,False
2023-04-30,25.9,6.7,19.285714285714285,False
2023-05-01,26.6,0.8,19.285714285714285,True
2023-05-02,26.5,0.1,19.285714285714285,False
2023-05-03,26.7,1.3,19.285714285714285,False
2023-05-04,26.0,8.8,19.285714285714285,False
2023-05-05,27.1,1.9,19.285714285714285,False
2023-05-06,27.0,2.3,19.285714285714285,False
2023-05-07,26.4,2.2,17.857142857142858,False
2023-05-08,26.6,2.3,17.857142857142858,False
2023-05-09,26.3,1.3,17.857142857142858,False
2023-05-10,26.4,0.5,17.857142857142858,False
2023-05-11,26.7,0.9,17.857142857142858,False
2023-05-12,27.5,0.0,17.857142857142858,False
2023-05-13,27.0,0.5,17.857142857142858,False
2023-05-14,27.3,2.9,17.428571428571427,False
2023-05-15,27.6,0.4,17.428571428571427,False
2023-05-16,27.2,0.7,17.428571428571427,False
2023-05-17,26.5,4.8,17.428571428571427,False
2023-05-18,26.5,10.3,17.428571428571427,False
2023-05-19,26.7,0.8,17.428571428571427,False
2023-05-20,26.1,1.0,17.428571428571427,False
2023-05-21,25.9,0.7,17.714285714285715,False
2023-05-22,26.4,4.2,17.714285714285715,False
2023-05-23,25.9,8.2,17.714285714285715,False
2023-05-24,25.9,11.1,17.714285714285715,False
2023-05-25,26.2,3.4,17.714285714285715,False
2023-05-26,27.9,0.0,17.714285714285715,False
2023-05-27,27.0,1.2,17.714285714285715,False
2023-05-28,26.1,5.4,15.142857142857142,False
2023-05-29,24.8,13.6,15.142857142857142,False
2023-05-30,26.1,3.0,15.142857142857142,False
2023-05-31,25.5,1.1,15.142857142857142,False
2023-06-01,26.0,0.7,15.142857142857142,False
2023-06-02,26.7,1.1,15.142857142857142,False
2023-06-03,26.5,0.4,15.142857142857142,False
2023-06-04,26.3,1.4,13.714285714285714,False
2023-06-05,25.7,1.2,13.714285714285714,False
2023-06-06,25.6,1.7,13.714285714285714,False
2023-06-07,25.4,12.6,13.714285714285714,False
2023-06-08,25.3,7.2,13.714285714285714,False
2023-06-09,24.7,13.9,13.714285714285714,False
2023-06-10,26.2,0.2,13.714285714285714,False
2023-06-11,24.1,54.6,11.142857142857142,False
2023-06-12,25.5,5.0,11.142857142857142,False
2023-06-13,26.1,1.4,11.142857142857142,False
2023-06-14,25.0,17.3,11.142857142857142,False
2023-06-15,25.1,5.2,11.142857142857142,False
2023-06-16,25.2,4.8,11.142857142857142,False
2023-06-17,24.6,36.9,11.142857142857142,False
2023-06-18,25.5,0.6,14.428571428571429,False
2023-06-19,25.9,0.3,14.428571428571429,False
2023-06-20,25.1,3.4,14.428571428571429,False
2023-06-21,25.1,2.4,14.428571428571429,False
2023-06-22,24.4,6.7,14.428571428571429,False
2023-06-23,24.8,9.3,14.428571428571429,False
2023-06-24,25.2,4.6,14.428571428571429,False
2023-06-25,24.7,8.9,12.428571428571429,False
2023-06-26,24.3,20.8,12.428571428571429,False
2023-06-27,24.7,12.9,12.428571428571429,False
2023-06-28,24.3,18.1,12.428571428571429,False
2023-06-29,24.6,11.3,12.428571428571429,False
2023-06-30,24.1,26.8,12.428571428571429,False
2023-07-01,24.8,1.1,12.428571428571429,False
2023-07-02,24.0,5.7,13.857142857142858,False
2023-07-03,24.4,5.2,13.857142857142858,False
2023-07-04,24.8,5.2,13.857142857142858,False
2023-07-05,24.6,3.3,13.857142857142858,False
2023-07-06,24.2,10.5,13.857142857142858,False
2023-07-07,23.9,27.7,13.857142857142858,False
2023-07-08,24.6,6.4,13.857142857142858,False
2023-07-09,25.8,4.5,14.142857142857142,False
2023-07-10,26.0,0.1,14.142857142857142,False
2023-07-11,24.8,0.3,14.142857142857142,False
2023-07-12,25.2,0.3,14.142857142857142,False
2023-07-13,25.0,1.4,14.142857142857142,False
2023-07-14,25.4,0.0,14.142857142857142,False
2023-07-15,25.9,3.1,14.142857142857142,False
2023-07-16,24.4,3.9,9.857142857142858,False
2023-07-17,24.6,1.2,9.857142857142858,False
2023-07-18,24.9,4.2,9.857142857142858,False
2023-07-19,25.0,2.2,9.857142857142858,False
2023-07-20,25.7,0.3,9.857142857142858,False
2023-07-21,25.0,1.3,9.857142857142858,False
2023-07-22,24.1,4.3,9.857142857142858,False
2023-07-23,25.0,1.2,10.285714285714286,False
2023-07-24,24.5,2.7,10.285714285714286,False
2023-07-25,24.8,1.0,10.285714285714286,False
2023-07-26,25.1,1.2,10.285714285714286,False
2023-07-27,24.9,2.6,10.285714285714286,False
2023-07-28,25.5,4.0,10.285714285714286,False
2023-07-29,25.1,0.3,10.285714285714286,False
2023-07-30,24.9,1.3,9.714285714285714,False
2023-07-31,24.8,0.0,9.714285714285714,False
2023-08-01,24.7,0.7,9.714285714285714,False
2023-08-02,25.1,1.5,9.714285714285714,False
2023-08-03,25.1,2.6,9.714285714285714,False
2023-08-04,24.7,0.0,9.714285714285714,False
2023-08-05,24.8,0.7,9.714285714285714,True
2023-08-06,25.3,3.1,10.857142857142858,False
2023-08-07,25.3,1.6,10.857142857142858,False
2023-08-08,24.9,4.8,10.857142857142858,False
2023-08-09,25.5,0.3,10.857142857142858,False
2023-08-10,24.4,3.9,10.857142857142858,False
2023-08-11,24.9,0.3,10.857142857142858,False
2023-08-12,24.3,1.1,10.857142857142858,False
2023-08-13,24.1,1.7,8.857142857142858,False
2023-08-14,24.1,11.1,8.857142857142858,False
2023-08-15,25.0,0.4,8.857142857142858,False
2023-08-16,24.9,2.0,8.857142857142858,False
2023-08-17,25.2,1.0,8.857142857142858,False
2023-08-18,24.7,5.4,8.857142857142858,False
2023-08-19,24.3,15.6,8.857142857142858,False
2023-08-20,24.4,3.8,9.0,False
2023-08-21,25.6,2.3,9.0,False
2023-08-22,25.2,2.9,9.0,False
2023-08-23,25.4,2.5,9.0,False
2023-08-24,25.6,2.3,9.0,False
2023-08-25,25.8,0.1,9.0,False
2023-08-26,25.5,0.4,9.0,False
2023-08-27,25.9,0.4,8.857142857142858,False
2023-08-28,26.1,1.0,8.857142857142858,False
2023-08-29,25.7,3.5,8.857142857142858,False
2023-08-30,25.8,2.1,8.857142857142858,False
2023-08-31,25.7,1.5,8.857142857142858,False
2023-09-01,26.2,0.0,8.857142857142858,False
2023-09-02,25.5,4.0,8.857142857142858,False
2023-09-03,25.5,1.4,9.428571428571429,False
2023-09-04,25.6,2.0,9.428571428571429,False
2023-09-05,25.4,4.1,9.428571428571429,False
2023-09-06,25.5,1.7,9.428571428571429,False
2023-09-07,24.3,6.2,9.428571428571429,True
2023-09-08,24.9,3.3,9.428571428571429,False
2023-09-09,24.2,4.6,9.428571428571429,False
2023-09-10,25.0,3.4,10.142857142857142,False
2023-09-11,25.2,1.0,10.142857142857142,False
2023-09-12,24.9,6.1,10.142857142857142,False
2023-09-13,24.8,6.2,10.142857142857142,False
2023-09-14,25.6,1.5,10.142857142857142,False
2023-09-15,25.5,0.1,10.142857142857142,False
2023-09-16,25.8,0.2,10.142857142857142,False
2023-09-17,25.2,4.2,10.285714285714286,False
2023-09-18,25.8,3.1,10.285714285714286,False
2023-09-19,25.0,11.6,10.285714285714286,False
2023-09-20,25.7,1.7,10.285714285714286,False
2023-09-21,25.6,2.1,10.285714285714286,False
2023-09-22,25.5,2.1,10.285714285714286,False
2023-09-23,25.3,3.1,10.285714285714286,False
2023-09-24,25.9,2.7,12.428571428571429,False
2023-09-25,26.2,0.0,12.428571428571429,False
2023-09-26,26.2,1.1,12.428571428571429,False
2023-09-27,26.1,0.6,12.428571428571429,False
2023-09-28,26.0,0.1,12.428571428571429,False
2023-09-29,26.5,0.3,12.428571428571429,False
2023-09-30,26.1,1.4,12.428571428571429,False
2023-10-01,25.9,0.7,11.428571428571429,False
2023-10-02,26.1,0.0,11.428571428571429,False
2023-10-03,26.5,0.5,11.428571428571429,False
2023-10-04,26.4,1.0,11.428571428571429,False
2023-10-05,26.7,0.2,11.428571428571429,False
2023-10-06,26.4,2.5,11.428571428571429,False
2023-10-07,26.4,1.2,11.428571428571429,False
2023-10-08,26.1,2.3,10.857142857142858,False
2023-10-09,26.3,1.0,10.857142857142858,False
2023-10-10,26.1,1.2,10.857142857142858,False
2023-10-11,25.9,1.9,10.857142857142858,False
2023-10-12,26.3,1.0,10.857142857142858,True
2023-10-13,26.8,1.0,10.857142857142858,False
2023-10-14,26.5,2.3,10.857142857142858,False
2023-10-15,26.2,0.4,16.0,False
2023-10-16,25.6,0.4,16.0,False
2023-10-17,25.6,0.9,16.0,False
2023-10-18,25.8,0.1,16.0,False
2023-10-19,26.7,1.7,16.0,False
2023-10-20,26.3,1.7,16.0,False
2023-10-21,26.2,1.9,16.0,False
2023-10-22,26.2,1.5,8.428571428571429,False
2023-10-23,26.3,0.8,8.428571428571429,False
2023-10-24,26.1,0.6,8.428571428571429,False
2023-10-25,26.2,0.6,8.428571428571429,False
2023-10-26,26.9,0.9,8.428571428571429,False
2023-10-27,27.0,0.5,8.428571428571429,False
2023-10-28,27.0,1.0,8.428571428571429,False
2023-10-29,26.4,2.2,11.142857142857142,False
2023-10-30,26.7,0.2,11.142857142857142,False
2023-10-31,26.7,1.1,11.142857142857142,False
2023-11-01,27.2,0.1,11.142857142857142,False
2023-11-02,27.1,1.4,11.142857142857142,True
2023-11-03,27.1,1.4,11.142857142857142,False
2023-11-04,27.3,1.2,11.142857142857142,False
2023-11-05,27.1,0.9,11.857142857142858,False
2023-11-06,27.1,1.3,11.857142857142858,False
2023-11-07,26.9,0.7,11.857142857142858,False
2023-11-08,27.2,0.9,11.857142857142858,False
2023-11-09,27.1,0.8,11.857142857142858,False
2023-11-10,27.0,0.9,11.857142857142858,False
2023-11-11,26.9,0.4,11.857142857142858,False
2023-11-12,26.8,0.5,10.142857142857142,False
2023-11-13,26.8,0.3,10.142857142857142,False
2023-11-14,27.3,0.3,10.142857142857142,False
2023-11-15,27.5,0.4,10.142857142857142,True
2023-11-16,27.2,1.8,10.142857142857142,False
2023-11-17,27.3,0.1,10.142857142857142,False
2023-11-18,27.3,0.8,10.142857142857142,False
2023-11-19,27.5,2.3,12.0,False
2023-11-20,27.2,0.9,12.0,False
2023-11-21,27.2,1.1,12.0,False
2023-11-22,27.3,0.3,12.0,False
2023-11-23,27.8,0.0,12.0,False
2023-11-24,27.7,0.0,12.0,False
2023-11-25,27.3,0.0,12.0,False
2023-11-26,27.7,0.0,12.714285714285714,False
2023-11-27,25.1,21.4,12.714285714285714,False
2023-11-28,26.0,8.4,12.714285714285714,False
2023-11-29,26.8,0.2,12.714285714285714,False
2023-11-30,26.8,0.6,12.714285714285714,False
2023-12-01,27.2,0.0,12.714285714285714,False
2023-12-02,27.2,0.2,12.714285714285714,False
2023-12-03,27.2,1.9,12.714285714285714,False
2023-12-04,27.2,2.2,12.714285714285714,False
2023-12-05,27.1,3.0,12.714285714285714,False
2023-12-06,26.8,1.5,12.714285714285714,False
2023-12-07,27.3,1.4,12.714285714285714,False
2023-12-08,27.4,1.0,12.714285714285714,False
2023-12-09,27.6,0.8,12.714285714285714,False
2023-12-10,27.5,0.9,8.285714285714286,False
2023-12-11,27.1,1.2,8.285714285714286,False
2023-12-12,27.8,0.1,8.285714285714286,False
2023-12-13,27.5,0.1,8.285714285714286,False
2023-12-14,27.1,2.2,8.285714285714286,False
2023-12-15,26.5,6.9,8.285714285714286,False
2023-12-16,27.0,0.2,8.285714285714286,False
2023-12-17,27.3,0.6,7.0,False
2023-12-18,27.3,1.2,7.0,False
2023-12-19,26.7,6.7,7.0,False
2023-12-20,26.6,7.3,7.0,False
2023-12-21,27.0,8.9,7.0,False
2023-12-22,27.4,0.8,7.0,False
2023-12-23,26.6,1.4,7.0,False
2023-12-24,27.0,0.6,8.142857142857142,False
2023-12-25,27.6,1.5,8.142857142857142,True
2023-12-26,27.3,3.1,8.142857142857142,False
2023-12-27,27.7,0.8,8.142857142857142,False
2023-12-28,27.4,0.5,8.142857142857142,False
2023-12-29,27.5,0.1,8.142857142857142,False
2023-12-30,27.8,0.0,8.142857142857142,False
2023-12-31,28.0,1.3,12.857142857142858,False
2024-01-01,26.5,5.1,12.857142857142858,True
2024-01-02,26.5,1.0,12.857142857142858,False
2024-01-03,27.5,1.1,12.857142857142858,False
2024-01-04,27.8,1.6,12.857142857142858,False
2024-01-05,28.0,0.6,12.857142857142858,False
2024-01-06,28.0,0.9,12.857142857142858,False
2024-01-07,28.1,0.0,20.428571428571427,False
2024-01-08,27.8,1.4,20.428571428571427,False
2024-01-09,28.3,0.4,20.428571428571427,False
2024-01-10,28.0,2.0,20.428571428571427,False
2024-01-11,25.8,10.2,20.428571428571427,False
2024-01-12,26.1,1.0,20.428571428571427,False
2024-01-13,26.8,3.6,20.428571428571427,False
2024-01-14,27.4,2.9,15.714285714285714,False
2024-01-15,28.0,0.0,15.714285714285714,False
2024-01-16,27.8,0.4,15.714285714285714,False
2024-01-17,28.3,0.0,15.714285714285714,False
2024-01-18,27.2,1.6,15.714285714285714,False
2024-01-19,27.1,2.1,15.714285714285714,False
2024-01-20,28.4,0.2,15.714285714285714,False
2024-01-21,28.5,0.7,16.285714285714285,False
2024-01-22,28.7,1.0,16.285714285714285,False
2024-01-23,28.5,1.4,16.285714285714285,False
2024-01-24,28.2,1.0,16.285714285714285,False
2024-01-25,27.6,3.2,16.285714285714285,False
2024-01-26,28.5,2.0,16.285714285714285,False
2024-01-27,28.3,2.3,16.285714285714285,False
2024-01-28,28.8,0.3,26.714285714285715,False
2024-01-29,28.1,1.7,26.714285714285715,False
2024-01-30,28.4,0.2,26.714285714285715,False
2024-01-31,28.0,0.0,26.714285714285715,False
2024-02-01,28.4,1.3,26.714285714285715,False
2024-02-02,28.8,0.7,26.714285714285715,False
2024-02-03,29.0,0.8,26.714285714285715,False
2024-02-04,29.3,0.2,27.0,False
2024-02-05,28.6,1.9,27.0,False
2024-02-06,28.2,1.9,27.0,False
2024-02-07,28.8,0.5,27.0,False
2024-02-08,28.9,0.8,27.0,False
2024-02-09,27.8,3.5,27.0,False
2024-02-10,29.0,1.3,27.0,False
2024-02-11,26.8,6.4,53.0,False
2024-02-12,27.7,4.4,53.0,False
2024-02-13,27.4,4.5,53.0,False
2024-02-14,27.5,0.7,53.0,False
2024-02-15,26.9,13.7,53.0,False
2024-02-16,26.4,24.2,53.0,False
2024-02-17,27.1,7.5,53.0,False
2024-02-18,27.2,3.6,88.14285714285714,False
2024-02-19,27.8,1.9,88.14285714285714,False
2024-02-20,27.7,4.2,88.14285714285714,False
2024-02-21,26.5,3.0,88.14285714285714,False
2024-02-22,27.0,4.2,88.14285714285714,False
2024-02-23,26.9,6.3,88.14285714285714,False
2024-02-24,27.8,0.3,88.14285714285714,False
2024-02-25,26.6,19.8,125.14285714285714,False
2024-02-26,26.8,9.1,125.14285714285714,False
2024-02-27,25.8,9.5,125.14285714285714,False
2024-02-28,25.9,18.6,125.14285714285714,False
2024-02-29,26.8,0.6,125.14285714285714,False
2024-03-01,27.5,0.5,125.14285714285714,False
2024-03-02,28.3,0.5,125.14285714285714,False
2024-03-03,27.9,0.8,128.85714285714286,False
2024-03-04,28.1,0.3,128.85714285714286,False
2024-03-05,26.9,6.9,128.85714285714286,False
2024-03-06,27.3,6.9,128.85714285714286,False
2024-03-07,28.2,1.7,128.85714285714286,False
2024-03-08,28.7,0.9,128.85714285714286,False
2024-03-09,27.5,0.7,128.85714285714286,False
2024-03-10,27.8,1.7,126.85714285714286,False
2024-03-11,28.4,0.5,126.85714285714286,False
2024-03-12,27.1,8.7,126.85714285714286,False
2024-03-13,27.2,24.5,126.85714285714286,False
2024-03-14,26.6,5.1,126.85714285714286,False
2024-03-15,28.1,2.6,126.85714285714286,False
2024-03-16,28.8,1.0,126.85714285714286,False
2024-03-17,27.8,3.8,118.42857142857144,False
2024-03-18,27.3,7.6,118.42857142857144,False
2024-03-19,28.7,0.4,118.42857142857144,False
2024-03-20,28.8,0.4,118.42857142857144,False
2024-03-21,27.9,2.6,118.42857142857144,False
2024-03-22,27.9,0.4,118.42857142857144,False
2024-03-23,28.4,0.1,118.42857142857144,False
2024-03-24,28.0,0.9,72.28571428571429,False
2024-03-25,28.5,0.7,72.28571428571429,False
2024-03-26,28.5,0.3,72.28571428571429,False
2024-03-27,26.6,14.2,72.28571428571429,False
2024-03-28,28.1,1.3,72.28571428571429,False
2024-03-29,26.8,15.1,72.28571428571429,True
2024-03-30,26.4,7.4,72.28571428571429,False
2024-03-31,26.8,2.6,85.71428571428571,False
2024-04-01,27.2,0.6,85.71428571428571,False
2024-04-02,28.0,0.2,85.71428571428571,False
2024-04-03,27.9,1.1,85.71428571428571,False
2024-04-04,26.7,10.3,85.71428571428571,False
2024-04-05,27.4,0.7,85.71428571428571,False
2024-04-06,27.7,0.2,85.71428571428571,False
2024-04-07,28.1,0.2,67.28571428571429,False
2024-04-08,27.9,2.8,67.28571428571429,False
2024-04-09,26.8,23.0,67.28571428571429,False
2024-04-10,26.5,3.5,67.28571428571429,False
2024-04-11,27.3,2.8,67.28571428571429,False
2024-04-12,27.2,1.9,67.28571428571429,False
2024-04-13,27.4,0.8,67.28571428571429,False
2024-04-14,27.5,1.8,53.142857142857146,False
2024-04-15,27.0,3.0,53.142857142857146,False
2024-04-16,26.4,13.5,53.142857142857146,False
2024-04-17,27.4,1.2,53.142857142857146,False
2024-04-18,27.9,0.6,53.142857142857146,False
2024-04-19,27.9,0.1,53.142857142857146,False
2024-04-20,26.8,1.4,53.142857142857146,False
2024-04-21,26.9,3.8,44.142857142857146,True
2024-04-22,27.4,5.1,44.142857142857146,False
2024-04-23,27.6,0.5,44.142857142857146,False
2024-04-24,27.6,1.4,44.142857142857146,False
2024-04-25,28.3,0.7,44.142857142857146,False
2024-04-26,27.5,8.8,44.142857142857146,False
2024-04-27,28.1,1.8,44.142857142857146,False
2024-04-28,26.2,9.3,47.85714285714285,False
2024-04-29,26.1,7.8,47.85714285714285,False
2024-04-30,27.9,0.0,47.85714285714285,False
2024-05-01,27.7,0.4,47.85714285714285,True
2024-05-02,27.5,0.5,47.85714285714285,False
2024-05-03,27.6,3.5,47.85714285714285,False
2024-05-04,27.2,3.3,47.85714285714285,False
2024-05-05,27.5,1.7,47.285714285714285,False
2024-05-06,27.4,4.2,47.285714285714285,False
2024-05-07,26.6,3.4,47.285714285714285,False
2024-05-08,26.7,6.4,47.285714285714285,False
2024-05-09,26.3,3.8,47.285714285714285,False
2024-05-10,27.3,2.1,47.285714285714285,False
2024-05-11,27.3,0.1,47.285714285714285,False
2024-05-12,27.2,0.1,45.42857142857143,False
2024-05-13,26.7,1.2,45.42857142857143,False
2024-05-14,27.3,0.4,45.42857142857143,False
2024-05-15,27.3,1.4,45.42857142857143,False
2024-05-16,27.2,0.5,45.42857142857143,False
2024-05-17,25.3,47.9,45.42857142857143,False
2024-05-18,26.4,2.6,45.42857142857143,False
2024-05-19,26.0,2.3,32.142857142857146,False
2024-05-20,26.1,1.3,32.142857142857146,False
2024-05-21,27.0,3.1,32.142857142857146,False
2024-05-22,26.8,2.8,32.142857142857146,False
2024-05-23,25.8,13.2,32.142857142857146,False
2024-05-24,26.5,2.9,32.142857142857146,False
2024-05-25,27.5,0.4,32.142857142857146,False
2024-05-26,26.2,2.3,29.571428571428573,False
2024-05-27,26.2,1.9,29.571428571428573,False
2024-05-28,26.1,16.6,29.571428571428573,False
2024-05-29,25.9,2.8,29.571428571428573,False
2024-05-30,25.4,8.2,29.571428571428573,False
2024-05-31,25.9,1.0,29.571428571428573,False
2024-06-01,26.0,1.5,29.571428571428573,False
2024-06-02,26.7,1.9,30.857142857142858,False
2024-06-03,25.2,25.4,30.857142857142858,False
2024-06-04,25.6,9.5,30.857142857142858,False
2024-06-05,25.9,5.5,30.857142857142858,False
2024-06-06,26.5,1.5,30.857142857142858,False
2024-06-07,26.0,4.8,30.857142857142858,False
2024-06-08,26.1,2.3,30.857142857142858,False
2024-06-09,25.9,3.0,33.714285714285715,False
2024-06-10,26.7,0.9,33.714285714285715,False
2024-06-11,26.3,2.1,33.714285714285715,False
2024-06-12,26.5,2.3,33.714285714285715,False
2024-06-13,26.3,19.9,33.714285714285715,False
2024-06-14,25.7,27.3,33.714285714285715,False
2024-06-15,24.9,33.7,33.714285714285715,False
2024-06-16,25.3,18.3,26.285714285714285,False
2024-06-17,26.1,2.9,26.285714285714285,False
2024-06-18,25.6,3.7,26.285714285714285,False
2024-06-19,25.4,5.0,26.285714285714285,False
2024-06-20,24.9,3.6,26.285714285714285,False
2024-06-21,24.7,9.0,26.285714285714285,False
2024-06-22,24.9,7.5,26.285714285714285,False
2024-06-23,25.1,12.6,28.142857142857142,False
2024-06-24,24.9,2.1,28.142857142857142,False
2024-06-25,25.0,3.3,28.142857142857142,False
2024-06-26,25.5,0.6,28.142857142857142,False
2024-06-27,24.9,1.1,28.142857142857142,False
2024-06-28,25.2,0.9,28.142857142857142,False
2024-06-29,24.9,0.0,28.142857142857142,False
2024-06-30,24.8,0.5,30.571428571428573,False
2024-07-01,24.9,0.6,30.571428571428573,False
2024-07-02,24.3,7.8,30.571428571428573,False
2024-07-03,24.8,9.1,30.571428571428573,False
2024-07-04,24.5,2.9,30.571428571428573,False
2024-07-05,24.3,8.3,30.571428571428573,False
2024-07-06,24.4,28.8,30.571428571428573,False
2024-07-07,24.9,2.2,27.0,False
2024-07-08,24.6,0.8,27.0,False
2024-07-09,24.6,4.6,27.0,False
2024-07-10,25.5,4.0,27.0,False
2024-07-11,24.5,8.7,27.0,False
2024-07-12,24.9,14.7,27.0,False
2024-07-13,24.4,3.5,27.0,False
2024-07-14,25.0,5.2,28.0,False
2024-07-15,25.8,0.6,28.0,False
2024-07-16,25.6,0.7,28.0,False
2024-07-17,25.8,0.3,28.0,False
2024-07-18,24.9,2.7,28.0,False
2024-07-19,24.6,1.3,28.0,False
2024-07-20,23.3,4.3,28.0,False
2024-07-21,23.5,2.4,24.857142857142858,False
2024-07-22,24.1,2.8,24.857142857142858,False
2024-07-23,24.7,1.6,24.857142857142858,False
2024-07-24,24.6,1.4,24.857142857142858,False
2024-07-25,24.2,1.3,24.857142857142858,False
2024-07-26,25.0,0.7,24.857142857142858,False
2024-07-27,25.0,1.7,24.857142857142858,False
2024-07-28,25.5,2.5,26.285714285714285,False
2024-07-29,25.0,4.7,26.285714285714285,False
2024-07-30,25.0,1.2,26.285714285714285,False
2024-07-31,25.0,3.2,26.285714285714285,False
2024-08-01,24.8,1.1,26.285714285714285,False
2024-08-02,24.3,2.3,26.285714285714285,False
2024-08-03,24.7,2.5,26.285714285714285,False
2024-08-04,24.5,5.8,28.285714285714285,False
2024-08-05,25.0,2.2,28.285714285714285,True
2024-08-06,24.8,1.5,28.285714285714285,False
2024-08-07,24.4,5.3,28.285714285714285,False
2024-08-08,24.5,2.1,28.285714285714285,False
2024-08-09,24.7,0.9,28.285714285714285,False
2024-08-10,24.3,0.0,28.285714285714285,False
2024-08-11,25.5,1.1,28.142857142857142,False
2024-08-12,25.7,0.0,28.142857142857142,False
2024-08-13,25.9,1.0,28.142857142857142,False
2024-08-14,25.5,1.6,28.142857142857142,False
2024-08-15,25.4,0.8,28.142857142857142,False
2024-08-16,25.2,0.3,28.142857142857142,False
2024-08-17,24.9,0.0,28.142857142857142,False
2024-08-18,24.2,3.8,22.428571428571427,False
2024-08-19,24.2,4.1,22.428571428571427,False
2024-08-20,24.8,3.4,22.428571428571427,False
2024-08-21,25.0,2.3,22.428571428571427,False
2024-08-22,25.3,1.8,22.428571428571427,False
2024-08-23,24.9,4.5,22.428571428571427,False
2024-08-24,24.8,3.3,22.428571428571427,False
2024-08-25,25.1,0.2,20.0,False
2024-08-26,25.2,0.7,20.0,False
2024-08-27,24.4,2.0,20.0,False
2024-08-28,23.9,6.3,20.0,False
2024-08-29,24.5,1.9,20.0,False
2024-08-30,25.2,0.1,20.0,False
2024-08-31,24.1,0.8,20.0,False
2024-09-01,24.0,1.9,20.714285714285715,False
2024-09-02,24.3,2.9,20.714285714285715,False
2024-09-03,24.6,2.9,20.714285714285715,False
2024-09-04,25.5,0.0,20.714285714285715,False
2024-09-05,25.6,0.0,20.714285714285715,False
2024-09-06,25.0,0.5,20.714285714285715,False
2024-09-07,25.5,0.7,20.714285714285715,True
2024-09-08,23.8,5.5,20.142857142857142,False
2024-09-09,24.9,2.3,20.142857142857142,False
2024-09-10,25.2,2.3,20.142857142857142,False
2024-09-11,24.3,3.4,20.142857142857142,False
2024-09-12,24.8,1.9,20.142857142857142,False
2024-09-13,24.7,1.8,20.142857142857142,False
2024-09-14,25.0,2.4,20.142857142857142,False
2024-09-15,25.0,1.8,16.428571428571427,False
2024-09-16,25.7,0.0,16.428571428571427,False
2024-09-17,24.8,2.1,16.428571428571427,False
2024-09-18,25.4,1.9,16.428571428571427,False
2024-09-19,25.4,0.5,16.428571428571427,False
2024-09-20,25.3,0.6,16.428571428571427,False
2024-09-21,25.7,0.7,16.428571428571427,False
2024-09-22,25.2,1.1,15.428571428571429,False
2024-09-23,25.4,0.9,15.428571428571429,False
2024-09-24,25.4,1.0,15.428571428571429,False
2024-09-25,25.4,1.5,15.428571428571429,False
2024-09-26,25.7,0.5,15.428571428571429,False
2024-09-27,25.5,1.4,15.428571428571429,False
2024-09-28,25.7,1.3,15.428571428571429,False
2024-09-29,25.9,0.4,17.571428571428573,False
2024-09-30,25.7,1.0,17.571428571428573,False
2024-10-01,25.3,0.0,17.571428571428573,False
2024-10-02,25.4,3.5,17.571428571428573,False
2024-10-03,25.8,1.6,17.571428571428573,False
2024-10-04,26.0,0.1,17.571428571428573,False
2024-10-05,25.9,0.3,17.571428571428573,False
2024-10-06,25.4,0.0,18.714285714285715,False
2024-10-07,25.8,0.4,18.714285714285715,False
2024-10-08,26.2,0.1,18.714285714285715,False
2024-10-09,26.6,0.0,18.714285714285715,False
2024-10-10,26.3,0.5,18.714285714285715,False
2024-10-11,26.4,0.3,18.714285714285715,False
2024-10-12,26.6,0.5,18.714285714285715,True
2024-10-13,26.5,1.0,22.0,False
2024-10-14,26.3,0.5,22.0,False
2024-10-15,26.3,0.4,22.0,False
2024-10-16,26.4,1.2,22.0,False
2024-10-17,26.8,0.2,22.0,False
2024-10-18,26.5,0.9,22.0,False
2024-10-19,26.6,0.9,22.0,False
2024-10-20,26.9,0.1,22.857142857142858,False
2024-10-21,26.3,1.1,22.857142857142858,False
2024-10-22,26.5,0.6,22.857142857142858,False
2024-10-23,26.3,0.5,22.857142857142858,False
2024-10-24,26.6,0.1,22.857142857142858,False
2024-10-25,26.7,0.3,22.857142857142858,False
2024-10-26,26.6,0.7,22.857142857142858,False
2024-10-27,26.8,2.7,20.285714285714285,False
2024-10-28,26.5,1.6,20.285714285714285,False
2024-10-29,26.0,2.1,20.285714285714285,False
2024-10-30,26.4,1.0,20.285714285714285,False
2024-10-31,26.6,0.9,20.285714285714285,False
2024-11-01,26.9,0.5,20.285714285714285,False
2024-11-02,26.4,1.7,20.285714285714285,True
2024-11-03,26.6,0.3,19.714285714285715,False
2024-11-04,26.9,0.3,19.714285714285715,False
2024-11-05,26.3,2.6,19.714285714285715,False
2024-11-06,26.3,2.4,19.714285714285715,False
2024-11-07,26.4,1.1,19.714285714285715,False
2024-11-08,26.3,3.0,19.714285714285715,False
2024-11-09,26.4,4.3,19.714285714285715,False
2024-11-10,26.5,1.1,18.857142857142858,False
2024-11-11,26.6,1.2,18.857142857142858,False
2024-11-12,26.5,1.3,18.857142857142858,False
2024-11-13,26.8,1.2,18.857142857142858,False
2024-11-14,26.9,0.8,18.857142857142858,False
2024-11-15,27.1,0.2,18.857142857142858,True
2024-11-16,27.0,0.8,18.857142857142858,False
2024-11-17,26.4,3.7,19.857142857142858,False
2024-11-18,26.5,2.8,19.857142857142858,False
2024-11-19,26.8,0.7,19.857142857142858,False
2024-11-20,27.1,0.2,19.857142857142858,True
2024-11-21,27.4,0.2,19.857142857142858,False
2024-11-22,27.3,0.0,19.857142857142858,False
2024-11-23,27.1,0.7,19.857142857142858,False
2024-11-24,27.5,0.6,17.857142857142858,False
2024-11-25,27.8,0.1,17.857142857142858,False
2024-11-26,27.6,0.0,17.857142857142858,False
2024-11-27,27.3,0.2,17.857142857142858,False
2024-11-28,27.2,0.6,17.857142857142858,False
2024-11-29,26.8,1.2,17.857142857142858,False
2024-11-30,27.2,0.0,17.857142857142858,False
2024-12-01,27.0,1.6,18.857142857142858,False
2024-12-02,26.3,5.1,18.857142857142858,False
2024-12-03,26.5,4.3,18.857142857142858,False
2024-12-04,26.3,2.9,18.857142857142858,False
2024-12-05,27.1,0.8,18.857142857142858,False
2024-12-06,26.0,4.7,18.857142857142858,False
2024-12-07,26.5,1.8,18.857142857142858,False
2024-12-08,26.7,1.9,18.142857142857142,False
2024-12-09,26.8,1.6,18.142857142857142,False
2024-12-10,27.2,0.6,18.142857142857142,False
2024-12-11,27.1,0.5,18.142857142857142,False
2024-12-12,27.2,2.2,18.142857142857142,False
2024-12-13,27.4,0.3,18.142857142857142,False
2024-12-14,26.8,4.0,18.142857142857142,False
2024-12-15,26.7,2.4,16.142857142857142,False
2024-12-16,27.1,3.4,16.142857142857142,False
2024-12-17,27.3,1.3,16.142857142857142,False
2024-12-18,27.3,1.0,16.142857142857142,False
2024-12-19,27.2,2.0,16.142857142857142,False
2024-12-20,26.3,5.6,16.142857142857142,False
2024-12-21,26.4,4.0,16.142857142857142,False
2024-12-22,27.1,2.2,16.428571428571427,False
2024-12-23,27.3,0.2,16.428571428571427,False
2024-12-24,27.1,1.2,16.428571428571427,False
2024-12-25,27.2,0.4,16.428571428571427,True
2024-12-26,27.1,0.6,16.428571428571427,False
2024-12-27,27.6,0.5,16.428571428571427,False
2024-12-28,26.6,2.7,16.428571428571427,False
2024-12-29,27.3,1.6,20.428571428571427,False
2024-12-30,26.9,3.1,20.428571428571427,False
2024-12-31,27.4,2.8,20.428571428571427,False
2025-01-01,27.3,4.4,20.428571428571427,True
2025-01-02,27.2,2.8,20.428571428571427,False
2025-01-03,27.5,2.0,20.428571428571427,False
2025-01-04,27.7,2.2,20.428571428571427,False
2025-01-05,27.7,2.8,19.714285714285715,False
2025-01-06,27.3,2.7,19.714285714285715,False
2025-01-07,27.7,0.5,19.714285714285715,False
2025-01-08,28.1,0.0,19.714285714285715,False
2025-01-09,28.4,0.3,19.714285714285715,False
2025-01-10,27.9,2.7,19.714285714285715,False
2025-01-11,27.4,3.2,19.714285714285715,False
2025-01-12,26.5,13.3,17.0,False
2025-01-13,25.9,6.5,17.0,False
2025-01-14,26.2,7.5,17.0,False
2025-01-15,27.1,1.4,17.0,False
2025-01-16,27.3,0.4,17.0,False
2025-01-17,27.3,2.3,17.0,False
2025-01-18,27.8,1.5,17.0,False
2025-01-19,25.9,4.3,16.0,False
2025-01-20,26.7,1.0,16.0,False
2025-01-21,27.5,1.7,16.0,False
2025-01-22,27.2,5.6,16.0,False
2025-01-23,28.2,0.0,16.0,False
2025-01-24,27.6,0.6,16.0,False
2025-01-25,26.8,3.0,16.0,False
2025-01-26,25.6,9.2,13.714285714285714,False
2025-01-27,26.4,5.7,13.714285714285714,False
2025-01-28,25.7,12.9,13.714285714285714,False
2025-01-29,25.9,2.6,13.714285714285714,False
2025-01-30,26.8,1.6,13.714285714285714,False
2025-01-31,27.7,0.0,13.714285714285714,False
2025-02-01,27.4,2.1,13.714285714285714,False
2025-02-02,27.7,1.0,13.142857142857142,False
2025-02-03,27.3,4.8,13.142857142857142,False
2025-02-04,24.8,12.4,13.142857142857142,False
2025-02-05,24.8,36.2,13.142857142857142,False
2025-02-06,25.9,19.2,13.142857142857142,False
2025-02-07,26.9,2.0,13.142857142857142,False
2025-02-08,26.9,1.0,13.142857142857142,False
2025-02-09,27.0,2.5,17.714285714285715,False
2025-02-10,27.3,0.6,17.714285714285715,False
2025-02-11,26.6,3.4,17.714285714285715,False
2025-02-12,27.2,2.7,17.714285714285715,False
2025-02-13,27.3,0.3,17.714285714285715,False
2025-02-14,27.7,0.2,17.714285714285715,False
2025-02-15,27.1,2.4,17.714285714285715,False
2025-02-16,27.0,2.9,15.0,False
2025-02-17,26.5,4.8,15.0,False
2025-02-18,27.2,2.6,15.0,False
2025-02-19,26.9,2.6,15.0,False
2025-02-20,27.5,1.5,15.0,False
2025-02-21,27.8,0.3,15.0,False
2025-02-22,27.7,0.3,15.0,False
2025-02-23,27.5,1.3,15.428571428571429,False
2025-02-24,28.1,0.6,15.428571428571429,False
2025-02-25,27.4,1.5,15.428571428571429,False
2025-02-26,28.1,0.6,15.428571428571429,False
2025-02-27,25.8,15.0,15.428571428571429,False
2025-02-28,25.7,8.1,15.428571428571429,False
2025-03-01,26.0,9.2,15.428571428571429,False
2025-03-02,26.8,3.7,18.428571428571427,False
2025-03-03,26.4,4.9,18.428571428571427,False
2025-03-04,27.1,1.6,18.428571428571427,False
2025-03-05,27.6,1.3,18.428571428571427,False
2025-03-06,27.1,2.5,18.428571428571427,False
2025-03-07,26.1,5.6,18.428571428571427,False
2025-03-08,26.5,3.0,18.428571428571427,False
2025-03-09,26.4,4.5,18.857142857142858,False
2025-03-10,26.9,1.2,18.857142857142858,False
2025-03-11,27.3,1.9,18.857142857142858,False
2025-03-12,27.0,1.1,18.857142857142858,False
2025-03-13,27.0,0.9,18.857142857142858,False
2025-03-14,26.1,11.7,18.857142857142858,False
2025-03-15,25.7,17.9,18.857142857142858,False
2025-03-16,25.4,28.8,24.142857142857142,False
2025-03-17,26.3,7.4,24.142857142857142,False
2025-03-18,27.2,0.3,24.142857142857142,False
2025-03-19,28.0,0.3,24.142857142857142,False
2025-03-20,28.0,0.4,24.142857142857142,False
2025-03-21,27.6,2.0,24.142857142857142,False
2025-03-22,27.6,0.6,24.142857142857142,False
2025-03-23,27.5,0.6,22.571428571428573,False
2025-03-24,27.6,0.3,22.571428571428573,False
2025-03-25,27.3,2.5,22.571428571428573,False
2025-03-26,28.1,0.2,22.571428571428573,False
2025-03-27,26.6,13.0,22.571428571428573,False
2025-03-28,26.8,1.8,22.571428571428573,False
2025-03-29,27.8,0.2,22.571428571428573,False
2025-03-30,27.5,1.7,25.0,False
2025-03-31,27.9,1.5,25.0,False
2025-04-01,27.2,3.1,25.0,False
2025-04-02,25.5,7.2,25.0,False
2025-04-03,26.8,3.8,25.0,False
2025-04-04,27.9,1.1,25.0,False
2025-04-05,27.0,8.4,25.0,False
2025-04-06,26.7,5.5,35.0,False
2025-04-07,26.5,3.1,35.0,False
2025-04-08,26.8,0.7,35.0,False
2025-04-09,27.4,1.9,35.0,False
2025-04-10,27.9,0.5,35.0,False
2025-04-11,27.2,3.3,35.0,False
2025-04-12,28.2,2.3,35.0,False
2025-04-13,27.9,1.8,39.142857142857146,False
2025-04-14,27.7,0.8,39.142857142857146,False
2025-04-15,28.5,0.9,39.142857142857146,False
2025-04-16,28.5,0.1,39.142857142857146,False
2025-04-17,28.2,0.0,39.142857142857146,False
2025-04-18,28.5,0.2,39.142857142857146,True
2025-04-19,27.3,7.5,39.142857142857146,False
2025-04-20,26.8,3.2,33.0,False
2025-04-21,26.8,5.9,33.0,True
2025-04-22,27.3,3.1,33.0,False
2025-04-23,27.2,0.7,33.0,False
2025-04-24,26.5,9.2,33.0,False
2025-04-25,27.0,0.9,33.0,False
2025-04-26,27.3,0.0,33.0,False
2025-04-27,28.1,0.1,30.857142857142858,False
2025-04-28,27.5,0.7,30.857142857142858,False
2025-04-29,28.1,0.2,30.857142857142858,False
2025-04-30,28.2,0.0,30.857142857142858,False
2025-05-01,27.9,0.4,30.857142857142858,True
2025-05-02,28.0,0.0,30.857142857142858,False
2025-05-03,27.4,1.1,30.857142857142858,False
2025-05-04,28.1,0.7,31.428571428571427,False
2025-05-05,27.8,0.2,31.428571428571427,False
2025-05-06,27.9,0.9,31.428571428571427,False
2025-05-07,28.4,0.1,31.428571428571427,False
2025-05-08,27.7,1.6,31.428571428571427,False
2025-05-09,27.6,2.7,31.428571428571427,False
2025-05-10,26.9,5.1,31.428571428571427,False
2025-05-11,27.4,0.4,29.285714285714285,False
2025-05-12,27.6,0.1,29.285714285714285,False
2025-05-13,27.1,1.9,29.285714285714285,False
2025-05-14,25.9,8.7,29.285714285714285,False
2025-05-15,24.0,55.6,29.285714285714285,False
2025-05-16,24.6,22.2,29.285714285714285,False
2025-05-17,26.9,1.3,29.285714285714285,False
2025-05-18,25.8,5.9,25.142857142857142,False
2025-05-19,25.8,10.2,25.142857142857142,False
2025-05-20,24.8,32.7,25.142857142857142,False
2025-05-21,24.8,31.9,25.142857142857142,False
2025-05-22,26.2,1.1,25.142857142857142,False
2025-05-23,25.6,1.8,25.142857142857142,False
2025-05-24,25.8,3.5,25.142857142857142,False
2025-05-25,25.8,9.1,22.285714285714285,False
2025-05-26,25.8,2.7,22.285714285714285,False
2025-05-27,25.8,1.4,22.285714285714285,False
2025-05-28,25.9,1.5,22.285714285714285,False
2025-05-29,27.0,0.4,22.285714285714285,False
2025-05-30,25.7,3.8,22.285714285714285,False
2025-05-31,25.4,1.4,22.285714285714285,False
2025-06-01,25.4,5.4,24.0,False
2025-06-02,26.3,2.4,24.0,False
2025-06-03,25.4,5.5,24.0,False
2025-06-04,24.8,9.9,24.0,False
2025-06-05,25.4,4.6,24.0,False
2025-06-06,25.7,0.9,24.0,False
2025-06-07,25.1,3.6,24.0,False
2025-06-08,25.2,5.6,20.714285714285715,False
2025-06-09,25.7,2.8,20.714285714285715,False
2025-06-10,25.5,1.3,20.714285714285715,False
2025-06-11,26.2,1.0,20.714285714285715,False
2025-06-12,25.4,0.5,20.714285714285715,False
2025-06-13,25.9,1.6,20.714285714285715,False
2025-06-14,24.6,10.3,20.714285714285715,False
2025-06-15,25.7,2.2,16.714285714285715,False
2025-06-16,26.3,0.1,16.714285714285715,False
2025-06-17,25.3,7.2,16.714285714285715,False
2025-06-18,24.9,7.1,16.714285714285715,False
2025-06-19,24.9,11.6,16.714285714285715,False
2025-06-20,24.7,20.1,16.714285714285715,False
2025-06-21,25.6,20.5,16.714285714285715,False
2025-06-22,25.0,4.3,13.142857142857142,False
2025-06-23,25.2,6.1,13.142857142857142,False
2025-06-24,26.0,2.6,13.142857142857142,False
2025-06-25,25.7,2.6,13.142857142857142,False
2025-06-26,25.4,4.0,13.142857142857142,False
2025-06-27,24.6,1.5,13.142857142857142,False
2025-06-28,24.5,14.2,13.142857142857142,False
2025-06-29,24.9,4.2,13.714285714285714,False
2025-06-30,25.0,4.3,13.714285714285714,False
2025-07-01,24.3,4.2,13.714285714285714,False
2025-07-02,24.0,18.5,13.714285714285714,False
2025-07-03,23.8,3.7,13.714285714285714,False
2025-07-04,24.6,1.2,13.714285714285714,False
2025-07-05,24.6,0.4,13.714285714285714,False
2025-07-06,24.9,0.3,12.857142857142858,False
2025-07-07,24.9,7.1,12.857142857142858,False
2025-07-08,24.6,2.2,12.857142857142858,False
2025-07-09,23.9,7.0,12.857142857142858,False
2025-07-10,23.8,10.5,12.857142857142858,False
2025-07-11,24.5,12.1,12.857142857142858,False
2025-07-12,23.9,2.3,12.857142857142858,False
2025-07-13,23.9,1.3,15.142857142857142,False
2025-07-14,24.1,6.9,15.142857142857142,False
2025-07-15,24.4,2.1,15.142857142857142,False
2025-07-16,24.0,0.0,15.142857142857142,False
2025-07-17,23.9,0.8,15.142857142857142,False
2025-07-18,24.4,0.6,15.142857142857142,False
2025-07-19,24.5,3.6,15.142857142857142,False
2025-07-20,24.2,6.2,15.0,False
2025-07-21,24.3,0.4,15.0,False
2025-07-22,24.4,3.3,15.0,False
2025-07-23,24.5,3.1,15.0,False
2025-07-24,25.1,2.4,15.0,False
2025-07-25,24.4,2.2,15.0,False
2025-07-26,24.0,2.4,15.0,False
2025-07-27,23.9,14.9,14.285714285714286,False
2025-07-28,24.7,17.6,14.285714285714286,False
2025-07-29,24.7,6.3,14.285714285714286,False
2025-07-30,25.5,0.9,14.285714285714286,False
2025-07-31,25.5,1.2,14.285714285714286,False
2025-08-01,24.8,1.4,14.285714285714286,False
2025-08-02,24.8,2.9,14.285714285714286,False
2025-08-03,24.5,6.1,12.857142857142858,False
2025-08-04,24.4,6.2,12.857142857142858,False
2025-08-05,24.0,3.9,12.857142857142858,True
2025-08-06,24.9,3.0,12.857142857142858,False
2025-08-07,24.5,2.7,12.857142857142858,False
2025-08-08,24.6,0.9,12.857142857142858,False
2025-08-09,24.4,2.5,12.857142857142858,False
2025-08-10,25.4,0.0,13.428571428571429,False
2025-08-11,25.4,0.8,13.428571428571429,False
2025-08-12,24.7,1.3,13.428571428571429,False
2025-08-13,25.8,0.2,13.428571428571429,False
2025-08-14,24.6,7.7,13.428571428571429,False
2025-08-15,23.7,43.3,13.428571428571429,False
2025-08-16,23.4,13.8,13.428571428571429,False
2025-08-17,24.6,2.5,19.142857142857142,False
2025-08-18,24.4,0.5,19.142857142857142,False
2025-08-19,24.4,1.9,19.142857142857142,False
2025-08-20,24.4,1.9,19.142857142857142,False
2025-08-21,25.4,0.1,19.142857142857142,False
2025-08-22,24.9,3.5,19.142857142857142,False
2025-08-23,24.1,2.3,19.142857142857142,False
2025-08-24,25.2,2.4,12.571428571428571,False
2025-08-25,25.1,1.1,12.571428571428571,False
2025-08-26,25.1,1.0,12.571428571428571,False
2025-08-27,25.0,0.5,12.571428571428571,False
2025-08-28,24.6,1.1,12.571428571428571,False
2025-08-29,24.3,5.8,12.571428571428571,False
2025-08-30,23.9,1.5,12.571428571428571,False
2025-08-31,24.3,9.6,16.428571428571427,False
2025-09-01,25.2,1.3,16.428571428571427,False
2025-09-02,24.2,6.8,16.428571428571427,False
2025-09-03,24.2,8.2,16.428571428571427,False
2025-09-04,24.2,6.6,16.428571428571427,False
2025-09-05,24.3,6.9,16.428571428571427,False
2025-09-06,24.8,4.6,16.428571428571427,False
2025-09-07,24.5,2.9,15.428571428571429,True
2025-09-08,24.1,4.4,15.428571428571429,False
2025-09-09,25.0,0.6,15.428571428571429,False
2025-09-10,25.2,0.1,15.428571428571429,False
2025-09-11,25.4,1.7,15.428571428571429,False
2025-09-12,25.3,0.3,15.428571428571429,False
2025-09-13,25.6,0.1,15.428571428571429,False
2025-09-14,25.8,0.0,16.714285714285715,False
2025-09-15,25.7,0.1,16.714285714285715,False
2025-09-16,25.7,0.2,16.714285714285715,False
2025-09-17,25.4,1.9,16.714285714285715,False
2025-09-18,25.3,2.1,16.714285714285715,False
2025-09-19,25.5,1.1,16.714285714285715,False
2025-09-20,25.4,2.5,16.714285714285715,False
2025-09-21,25.5,2.4,17.857142857142858,False
2025-09-22,25.8,2.5,17.857142857142858,False
2025-09-23,26.4,0.0,17.857142857142858,False
2025-09-24,25.8,3.0,17.857142857142858,False
2025-09-25,25.3,3.2,17.857142857142858,False
2025-09-26,25.5,1.5,17.857142857142858,False
2025-09-27,25.4,0.4,17.857142857142858,False
2025-09-28,25.9,0.0,17.142857142857142,False
2025-09-29,26.2,0.3,17.142857142857142,False
2025-09-30,24.7,7.8,17.142857142857142,False
2025-10-01,23.9,7.0,17.142857142857142,False
2025-10-02,24.4,3.3,17.142857142857142,False
2025-10-03,24.9,1.2,17.142857142857142,False
2025-10-04,25.3,0.8,17.142857142857142,False
2025-10-05,25.5,1.0,16.571428571428573,False
2025-10-06,25.2,0.6,16.571428571428573,False
2025-10-07,25.8,0.3,16.571428571428573,False
2025-10-08,25.7,2.1,16.571428571428573,False
2025-10-09,25.8,2.2,16.571428571428573,False
2025-10-10,25.9,1.0,16.571428571428573,False
2025-10-11,25.7,3.3,16.571428571428573,False
2025-10-12,25.9,3.3,19.142857142857142,True
2025-10-13,26.0,4.6,19.142857142857142,False
2025-10-14,26.2,1.6,19.142857142857142,False
2025-10-15,26.2,0.7,19.142857142857142,False
2025-10-16,25.7,0.9,19.142857142857142,False
2025-10-17,25.7,1.9,19.142857142857142,False
2025-10-18,25.8,5.1,19.142857142857142,False
2025-10-19,26.4,0.6,18.571428571428573,False
2025-10-20,26.7,1.4,18.571428571428573,False
2025-10-21,27.0,0.2,18.571428571428573,False
2025-10-22,26.4,0.6,18.571428571428573,False
2025-10-23,25.9,3.1,18.571428571428573,False
2025-10-24,25.9,3.2,18.571428571428573,False
2025-10-25,26.2,1.7,18.571428571428573,False
2025-10-26,25.8,1.4,16.285714285714285,False
2025-10-27,25.7,3.1,16.285714285714285,False
2025-10-28,25.6,3.0,16.285714285714285,False
2025-10-29,26.0,0.6,16.285714285714285,False
2025-10-30,26.1,1.2,16.285714285714285,False
2025-10-31,25.9,2.8,16.285714285714285,False
2025-11-01,26.5,0.0,16.285714285714285,False
2025-11-02,26.3,0.2,16.571428571428573,True
2025-11-03,26.0,2.9,16.571428571428573,False
2025-11-04,26.8,0.4,16.571428571428573,False
2025-11-05,26.9,0.0,16.571428571428573,False
2025-11-06,26.9,0.4,16.571428571428573,False
2025-11-07,27.1,0.0,16.571428571428573,False
2025-11-08,27.1,0.0,16.571428571428573,False
2025-11-09,27.1,0.0,16.142857142857142,False
2025-11-10,27.4,0.6,16.142857142857142,False
2025-11-11,26.8,1.0,16.142857142857142,False
2025-11-12,26.5,1.0,16.142857142857142,False
2025-11-13,25.9,3.0,16.142857142857142,False
2025-11-14,26.5,1.8,16.142857142857142,False
2025-11-15,26.6,0.8,16.142857142857142,True
2025-11-16,26.8,0.0,14.571428571428571,False
2025-11-17,27.1,0.9,14.571428571428571,False
2025-11-18,27.3,0.4,14.571428571428571,False
2025-11-19,27.2,0.2,14.571428571428571,False
2025-11-20,27.3,0.1,14.571428571428571,True
2025-11-21,26.7,2.7,14.571428571428571,False
2025-11-22,26.8,3.4,14.571428571428571,False
2025-11-23,27.0,1.1,11.571428571428571,False
2025-11-24,27.0,1.1,11.571428571428571,False
2025-11-25,26.7,3.3,11.571428571428571,False
2025-11-26,27.2,0.9,11.571428571428571,False
2025-11-27,27.7,0.2,11.571428571428571,False
2025-11-28,27.3,2.0,11.571428571428571,False
2025-11-29,27.2,0.9,11.571428571428571,False
2025-11-30,27.2,0.0,16.285714285714285,False
2025-12-01,27.5,0.2,16.285714285714285,False
2025-12-02,27.2,1.7,16.285714285714285,False
2025-12-03,26.9,1.2,16.285714285714285,False
2025-12-04,26.3,3.8,16.285714285714285,False
2025-12-05,27.3,0.4,16.285714285714285,False
2025-12-06,27.2,1.7,16.285714285714285,False
2025-12-07,27.5,0.5,14.0,False
2025-12-08,26.6,5.0,14.0,False
2025-12-09,26.6,1.6,14.0,False
2025-12-10,27.0,1.7,14.0,False
2025-12-11,27.2,1.0,14.0,False
2025-12-12,27.0,2.6,14.0,False
2025-12-13,27.1,0.4,14.0,False
2025-12-14,27.0,0.8,13.571428571428571,False
2025-12-15,27.2,1.4,13.571428571428571,False
2025-12-16,26.7,2.0,13.571428571428571,False
2025-12-17,27.1,0.1,13.571428571428571,False
2025-12-18,27.3,0.3,13.571428571428571,False
2025-12-19,27.2,0.9,13.571428571428571,False
2025-12-20,27.4,1.0,13.571428571428571,False
2025-12-21,27.0,1.4,11.0,False
2025-12-22,26.9,0.6,11.0,False
2025-12-23,26.7,2.8,11.0,False
2025-12-24,26.5,0.8,11.0,False
2025-12-25,26.5,1.5,11.0,True
2025-12-26,26.6,1.9,11.0,False
2025-12-27,27.4,1.7,11.0,False
2025-12-28,27.3,1.0,11.0,False
2025-12-29,27.2,1.8,11.0,False
2025-12-30,27.5,1.3,11.0,False
2025-12-31,27.6,0.9,11.0,False
